1;PAV LARTIGAU;39 RUE FONDAUDEGE;33000;BORDEAUX;44.84647;-0.579725;1
2;DECHETERIE DE LIBOURNE BALLASTIERE;RUE DE L'INDUSTRIE ZONE INDUSTRIELLE LA BALLASTIERE;33500;LIBOURNE;44.9445304870606;-0.23467299342155;1
3;DECHETERIE DE?SAINT MARIENS;2 BIS TESSONNEAU;33620;SAINT-MARIENS;45.1142997741699;-0.38967201113701;1
4;DECHETTERIE ?DE?SAINT-AUBIN-DE-BLAYE;ROUTE DE?SAINT CIERS?AU?PAS?DES?FENETRES LIEU DIT MOXENNE;33820;SAINT-AUBIN-DE-BLAYE;45.2681694030762;-0.56048899888992;1
5;DECHETTERIE ?DE?SAINT-DENIS-DE-PILE;8 ROUTE?DE?LA?PINIERE;33910;SAINT-DENIS-DE-PILE;44.9921836853027;-0.20513890683651;1
6;DECHETTERIE ?DE?SAINT-GERVAIS;ROUTE DU PORT NEUF;33240;SAINT-GERVAIS;45.0105857849121;-0.46873199939728;1
7;DECHETTERIE ?DE?SAINT-PAUL;LIEU DIT FOURTENON LIEU DIT FOURNETON;33390;SAINT-PAUL;45.1410026550293;-0.59781432151794;1
8;PAV DE VERDELAIS;750 ROUTE DE GASCOGNE;33490;VERDELAIS;44.587746;-0.25186;1
9;EURL PAV MENEL;15 PLACE DE LA MAIRIE;33540;GORNAC;44.662273;-0.181768;1
10;PAV PAQUIER-MALAVERGNE EURL PAV PAQUIER;LE PARC DU CHATEAU 28 RUE WAGNER;33700;MERIGNAC;44.839983;-0.652938;1
11;GRANDE PAV DE CAUDERAN GRANDE PAV DE CAUDERAN SNC RIGOUX;151 AVENUE LOUIS BARTHOU;33200;BORDEAUX;44.85234;-0.61488;1
12;PAV - ELLEBOODE- SOUBIRAN PAV - ELLEBOODE- SOUBIRAN;6 RUE DU PRESIDENT COTY;33440;AMBARES ET LAGRAVE;44.926122;-0.489098;1
13;PAV DEMOLIN;1 RUE DU QUATORZE JUILLET;33260;LA TESTE DE BUCH;44.632482;-1.14863;1
14;PAV CASTAY;23 ALLEE EUGENE DELACROIX;33800;BORDEAUX;44.822598;-0.553115;1
15;PAV CARNEL;79 AVENUE DE MERIGNAC;33200;BORDEAUX;44.840601;-0.571017;1
16;MA PAV DU MARCHE;8 RUE MONTESQUIEU;33500;LIBOURNE;44.915427;-0.24439;1
17;PAV DE MARCHEPRIME;13 AVENUE DE LA COTE D ARGENT;33380;MARCHEPRIME;44.691927;-0.855603;1
18;PAV BOUCARD;68 RUE DE BEGLES;33800;BORDEAUX;44.826754;-0.567446;1
19;PAV COCHIN-FERRAND;17 PLACE DU GENERAL DE GAULLE;33210;LANGON;44.553106;-0.246099;1
20;PAV ACCOCEBERRY;DOMAINE DE PEYCHOTTE LOT 104-105 8 ALLEE DES CONVIVIALES;33700;MERIGNAC;44.827557;-0.621216;1
21;PAV AGUSSAN-LETERME;LIEU DIT LES ORNIEUX 29 ROUTE DU LANDAT;33250;CISSAC MEDOC;45.2273330688477;-0.83175498247147;1
22;PAV AJOT-L APPARTIEN;11 RUE DES NAVARRIES;33380;MIOS;44.606371;-0.933425;1
23;PAV MONTALBANO-LAVALLEE;1 RUE DE L ABBE GAILLARD;33830;BELIN BELIET;44.492891;-0.791466;1
24;SELARL PAV DU PORT;1 RUE DU PORT;33470;LE-TEICH;44.636005;-1.022981;1
25;PAV ARAGO PAV LAFFORGUE-MARECHAL;CCAL ARAGO AVENUE CHATAIGNERAIE;33600;PESSAC;44.8058280944824;-0.63038599491119;1
26;PAV PIERRE-METAIS;CCAL ARCACHON MARINES RUE GENTIL AV GENERAL LECLERC;33260;LA TESTE DE BUCH;44.6506576538086;-1.15067100524902;1
27;AROBASE PAV;153 AVENUE DE LA LIBERATION;33110;LE BOUSCAT;44.86077;-0.5998599;1
28;PAV DU BOURG;11 PLACE DU CHANOINE PATRY;33610;CESTAS;44.740772;-0.686327;1
29;PAV BIREAU-BENTEJAC;78 AVENUE MAGUDAS;33700;MERIGNAC;44.85617;-0.653865;1
30;PAV DU HAILLAN;25 RUE HUSTIN;33185;LE HAILLAN;44.874741;-0.684778;1
31;GRANDE PAV DE TOULENNE;60 AVENUE DU 8 MAI 45;33210;TOULENNE;44.558232;-0.26123;1
32;SELARL PAV DE BAGATELLE;137 ROUTE DE TOULOUSE;33400;TALENCE;44.810067;-0.574023;1
33;PAV BARBE;1 RUE RENE BALLOUX;33400;TALENCE;44.817454;-0.585516;1
34;PAV BARDIN;2 COURS DU MARECHAL FOCH;33430;BAZAS;44.431522;-0.213395;1
35;PAV BARES VINOLO;39 RUE DE LA REPUBLIQUE;33220;SAINTE-FOY-LA-GRANDE;44.841523;0.215356;1
36;PAV BARSE-DUNGLAS;CENTRE COMM. RESIDENCE GODARD RUE THEOPHILE GAUTHIER;33110;LE BOUSCAT;44.8664932250977;-0.58219188451767;1
37;PAV DE PUISSEGUIN  PAV MARCONOT;1 place de l'?glise;33570;PUISSEGUIN;44.9805674;-0.0639969;1
38;PAV LESTRADE-PRADIE;1 AVENUE THIERS;33100;BORDEAUX;44.840622;-0.558876;1
39;PAV BATS;40 RUE DE PACARIS;33400;TALENCE;44.79857;-0.583194;1
40;PAV BATTISTI;16 RUE DU 8 MAI 1945;33340;QUEYRAC;45.36253;-0.977413;1
41;PAV BAUDIN-BALERE;8 AV DE LOUSTALLAUT;33880;ST CAPRAIS DE BORDEAUX;44.74944305;-0.43246859;1
42;PAV BAVOUZET;16 RUE JENNY LEPREUX;33000;BORDEAUX;44.832517;-0.611778;1
43;PAV DES GRANDS HOMMES;1 PLACE DES GRANDS HOMMES;33000;BORDEAUX;44.843228;-0.577147;1
44;PAV PRATVIEL;161 AVENUE DE LA REPUBLIQUE;33200;BORDEAUX;44.83959;-0.608211;1
45;PAV BELHOMME;62 AVENUE MONTESQUIEU;33160;SAINT-MEDARD-EN-JALLES;44.8955;-0.716989;1
46;PAV BELIER-ALBO;44 PLACE GAMBETTA;33000;BORDEAUX;44.84173;-0.580445;1
47;PAV BELIN;71 AVENUE PASTEUR;33270;FLOIRAC;44.8336;-0.52931;1
48;PAV BENARD-BUFFELAN;8 AVENUE DU MARECHAL GALLIENI;33700;MERIGNAC;44.837007;-0.616623;1
49;PAV SAINT SEURIN;65 PLACE MARTYRS DE LA RESISTANCE;33000;BORDEAUX;44.84284;-0.586275;1
50;PAV BENESSE;52 RUE DU MARECHAL JOFFRE;33250;PAUILLAC;45.203341;-0.752711;1
51;PAV BENITO CAMU;96 AVENUE JJ ROUSSEAU;33160;SAINT-MEDARD-EN-JALLES;44.8955955505371;-0.73028618097305;1
52;PAV BERARD-ARGIVIER;3 RUE MORTON;33000;BORDEAUX;44.84931;-0.622802;1
53;PAV BERTHON LAMARQUE;237 RUE CHATEAUBRIAND LD BERTRANOT;33290;LE-PIAN-MEDOC;44.956864;-0.669773;1
54;PAV BIRAULT;AVENUE DE LAGRAULA;33450;ST SULPICE ET CAMEYRAC;44.9100189208984;-0.39102730154991;1
55;PAV BIZAT-ANSELM;10 TER RUE DE THUIR;33760;TARGON;44.735912;-0.266141;1
56;PAV BLUHM-LAGARDE;42 AVENUE DE LA MARNE;33700;MERIGNAC;44.836796;-0.621184;1
57;PAV BONNEFOND;20 PLACE ROBERT DARNICHE;33580;MONSEGUR;44.64997;0.080001;1
58;PAV BORDAGES;1 PLACE DE LA PREVOTE;33670;CREON;44.774981;-0.348283;1
59;PAV BOS;192 AVENUE RENE CASSAGNE;33150;CENON;44.850563;-0.517464;1
60;PAV BOUAZIZ-GERMAIN;5 BOULEVARD DE LA PLAGE;33950;LEGE-CAP-FERRET;44.686925;-1.236295;1
61;PAV YALI;421 ROUTE DU MEDOC;33520;BRUGES;44.87364;-0.617275;1
62;PAV BOUTET PAV BOUTET-NEIGEL;4BIS LA MEDONNERIE RD 674;33230;COUTRAS;45.041993;-0.129844;1
63;PAV DES HERBES;87 COURS D ALSACE LORRAINE;33000;BORDEAUX;44.847;-0.6085;1
64;PAV DE L ESTUAIRE;10 AVENUE DE LA REPUBLIQUE;33820;BRAUD ET ST LOUIS;45.245084;-0.626594;1
65;PAV BROCHET-POUVEREAU-JEBBARI;CCAL DE THOUARS PLACE CHARLES DE GAULLE;33400;TALENCE;44.79065;-0.58665;1
66;PAV BRODU-JAMET;2 RUE EUGENE LESCOURT;33540;BLASIMON;44.749165;-0.074599;1
67;SELARL PAV CHANSEAU;292 BOULEVARD JEAN JACQUES BOSC;33130;BEGLES;44.819855;-0.543253;1
68;PAV BRUT;8 RUE PH DURAND DASSIER;33290;PAREMPUYRE;44.947422;-0.604632;1
69;PAV DE LA LIBERTE;7 PLACE DE LA LIBERTE;33160;SAINT-MEDARD-EN-JALLES;44.888552;-0.701920;1
70;PAV GALLI;67 AVENUE CAMILLE MAUMEY;33350;CASTILLON LA BATAILLE;44.85431;-0.051796;1
71;PAV BURDIGALA;10 PLACE MARTYRS DE LA RESISTANCE;33000;BORDEAUX;44.849212;-0.582752;1
72;PAV BEUTRE PAV CABOUT;204 AVENUE DE L ARGONNE;33700;MERIGNAC;44.818037;-0.700167;1
73;PAV CABROL;8 RUE PIERRE GEORGES LATECOERE ANGLE AVENUE MARCEL DASSAULT;33700;MERIGNAC;44.849185;-0.68604;1
74;SELARL PAV LAMOTHE-LANDERRON;3 GRANGES SUD;33190;LAMOTHE LANDERRON;44.56524;0.041664;1
75;PAV CAMGUILHEM;69 RUE DU QUATORZE JUILLET;33400;TALENCE;44.820855;-0.586864;1
76;PAV CAP DE BOS;CCAL CAP DE BOS 2 RUE D ARTOIS;33600;PESSAC;44.791921;-0.682131;1
77;PAV CAPDEVILLE;14 PLACE MONTESQUIEU;33650;LA BREDE;44.681133;-0.527402;1
78;PAV BERTHON;32 AVENUE MARC NOUAUX;33610;CESTAS;44.772651;-0.702317;1
79;PAV CASTAGNE;CCAL DE SARCIGNAN 45 CHEMIN GASTON;33140;VILLENAVE D ORNON;44.775825;-0.577016;1
80;PAV CASTANO-SPADA;36 ROUTE DE TOULOUSE;33800;BORDEAUX;44.813256;-0.573187;1
81;PAV ROBINE;1 AVENUE MENDES FRANCE;33340;LESPARRE MEDOC;45.311089;-0.939307;1
82;PAV CAZAURAN-JACOB;102 AVENUE DE VERDUN;33200;BORDEAUX;44.860261;-0.612722;1
83;PAV CAZAUX-LACLOTTE GIACOMETTI;81 RUE DU TONDU;33000;BORDEAUX;44.831061;-0.584213;1
84;PAV CAZENAVE;128 RUE DES GRAVIERES;33310;LORMONT;44.871723;-0.518864;1
85;PAV TAILLEFER-JOUZIER;7 RUE GAMBETTA;33230;COUTRAS;45.040834;-0.130428;1
86;PAV CENTRALE BASTIDE;49 COURS LE ROUZIC;33100;BORDEAUX;44.842887;-0.550672;1
87;PAV CENTRALE DE BRUGES;99 AVENUE CHARLES DE GAULLE;33520;BRUGES;44.882414;-0.612157;1
88;PAV DE GUJAN;49 COURS DE VERDUN;33470;GUJAN-MESTRAS;44.636216;-1.077453;1
89;PAV BOSC;7 RUE GEORGES MANDEL;33460;MARGAUX;45.040935;-0.674673;1
90;PAV CERDAN;8 AVENUE DE VERDUN;33610;CESTAS;44.780574;-0.689765;1
91;PAV CHARTIER;100 ROUTE DE LEOGNAN;33140;VILLENAVE D ORNON;44.763285;-0.580875;1
92;PAV CHASSAGNOUX;13 PLACE DECAZES;33500;LIBOURNE;44.91609;-0.240176;1
93;PAV CHATINIERES-DABADIE;160 RUE FONDAUDEGE;33000;BORDEAUX;44.849526;-0.584846;1
94;PAV LACHEZE;110 AVENUE DE LA SOMME;33700;MERIGNAC;44.829047;-0.663777;1
95;PAV PASTEUR;34 COURS PASTEUR;33000;BORDEAUX;44.833763;-0.57429;1
96;PAV DU STADE;19 AVENUE DU GENERAL DE GAULLE;33500;LIBOURNE;44.907276;-0.231463;1
97;PAV DES PORTES DU MEDOC;CCAL LECLERC 285 ROUTE DE PAUILLAC;33290;LEPian-M‚doc;44.955417;-0.628846;1
98;PAV CLEMENT;4 PLACE ARISTIDE BRIAND;33480;CASTELNAU DE MEDOC;45.027417;-0.798423;1
99;PAV CONSTANTIN;10 PLACE PIERRE ORUS;33350;CASTILLON-LA-BATAILLE;44.853382;-0.042918;1
100;PAV CAMILLE JULLIAN PAV MARCHE;6 PLACE CAMILLE JULLIAN;33000;BORDEAUX;44.838935;-0.572639;1
101;PAV CORDEIN SNC DARRICAU-PARDIAC;11 RUE PARTARRIEU;33124;AUROS;44.495448;-0.145883;1
102;PAV CORNU;5 AVENUE DE LA PLAGE;33740;ARES;44.766555;-1.14072;1
103;PAV COURBIN;14 ROUTE DE BORDEAUX;33125;HOSTENS;44.494596;-0.638844;1
104;PAV COURBIN;67 RUE ONESIME RECLUS;33220;PORT STE FOY ET PONCHAPT;44.843471;0.205927;1
105;PAV DEGEORGES;12 PLACE SAINT SEURIN;33680;LE PORGE;44.873121;-1.092606;1
106;PAV DUCOIN;18 RUE DE L EGLISE;33500;ARVEYRES;44.8843;-0.28337;1
107;PAV D HASTIGNAN;87 AVENUE ANATOLE FRANCE;33160;SAINT-MEDARD-EN-JALLES;44.893826;-0.745965;1
108;PAV DAGNAUD-LOTZ-DEGAIL;49 AVENUE DE MONTESQUIEU;33700;MERIGNAC;44.846276;-0.633538;1
109;SELARL PAV ROUAIS BARRAND;16 AVENUE JEAN JAURES;33240;LUGON ET L ILE DU CARNAY;44.95389;-0.344181;1
110;PAV DUPRAT-DAUFFY;2 AVENUE DU MARECHAL GALLIENI;33560;CARBON BLANC;44.895706;-0.510395;1
111;PAV AMESTOY- CAMPET;35 RUE JOSEPH BRUNET;33300;BORDEAUX;44.874663;-0.545791;1
112;PAV VERDIER-DORTIGNAC;11 AVENUE JEAN MAZARYCK;33700;MERIGNAC;44.85088;-0.643501;1
113;PAV TOURNOUX;9 PLACE DES COMBATTANTS;33121;CARCANS;45.07836;-1.04512;1
114;PAV SIMONNET;51 ROUTE DE LATRESNE;33360;CARIGNAN DE BORDEAUX;44.807811;-0.478877;1
115;PAV DE CARRIET;28 RUE PAUL LOUIS BEYDTS;33310;LORMONT;44.882743;-0.523343;1
116;PAV ANDRAUD;4 ALLEE DES CHARMES;33210;CASTETS EN DORTHE;44.560306;-0.158473;1
117;PAV DE CERONS PAV YUNG;RN 113 14 LATOUR;33720;CERONS;44.6330986022949;-0.3337120115757;1
118;SELARL PAV DE CHAMBERY;26 ROUTE DE LEOGNAN;33140;VILLENAVE D ORNON;44.76845;-0.57943;1
119;PHIE VAUCHAUSSADE DE CHAUMONT - HELIAS;105 BIS AVENUE DU GENERAL DE GAULLE;33190;GIRONDE SUR DROPT;44.584792;-0.086383;1
120;PAV DE COMPOSTELLE PAV NEVEU;CCAL DE COMPOSTELLE 55 RUE DE COMPOSTELLE;33600;PESSAC;44.794723;-0.608751;1
121;PAV DE CORBIAC PAV MOSNIER-THOUMAS;73 ROUTE DE FEYDIT;33160;ST MEDARD EN JALLES;44.874208;-0.703804;1
122;PAV DOLATI-LAFFLY;43 AVENUE DE GRADIGNAN;33600;PESSAC;44.802285;-0.625443;1
123;PAV DE FRIGERES PAV NORMANDIN;22 AVENUE DU MARECHAL FOCH;33850;LEOGNAN;44.73473;-0.598307;1
124;PAV DE FRONSAC;37 RUE DU GENERAL DE GAULLE;33126;FRONSAC;44.924157;-0.273189;1
125;PAV BATTINI;13 AVENUE BOSSUET;33320;LE TAILLAN MEDOC;44.902369;-0.700394;1
126;PAV DE L ALLIANCE PAV DE LA CITADELLE;2 COURS MAL DE LATTRE DE TASSIGNY;33390;BLAYE;45.12787;-0.66268;1
127;PAV-MARTIN DE L ORMEAU;407 AVENUE DU GENERAL DE GAULLE;33140;CADAUJAC;44.75236;-0.531705;1
128;PAV DE L ALOUETTE;14 AVENUE DU GENERAL LECLERC;33600;PESSAC;44.798375;-0.66429;1
129;PAV PREVOST;57 AVENUE COMBATTANTS AFRIQUE DU NORD;33500;LIBOURNE;44.914509;-0.231579;1
130;PAV DE L OCEAN;4 RUE ALEXANDRE DUMAS 4 RUE ALEXANDRE DUMAS;33680;LACANAU OCEAN;45.004333;-1.197783;1
131;PAV DEVALS;58 RUE DE LA PLAGE;33780;SOULAC SUR MER;45.514526;-1.124239;1
132;PAV DE LA BARBELAIS;509 RUE DE GUEYROSSE;33420;MOULON;44.846398;-0.221637;1
133;PAV LECLERCQ;38 RUE DE LA REPUBLIQUE;33220;STE FOY LA GRANDE;44.841698;0.21582;1
134;PAV SAINT-YRIEIX-TABOUY;CENTRE COMMERCIAL LES BASTIDES 26 RUE ALEXANDER FLEMING;33100;BORDEAUX;44.844554901123;-0.54941982030869;1
135;PAV DE LA COTE D ARGENT PAV EPRON;8 AVENUE SACCHETTI;33510;ANDERNOS-LES-BAINS;44.740065;-1.094593;1
136;PAV DE LA CROIX BLANCHE PAV BROCHET-CAUSSARIEU;21 COURS MARC NOUAUX;33000;BORDEAUX;44.84597;-0.593922;1
137;PAV LAFUE-SURMELY;8 PLACE DE LA REPUBLIQUE;33410;CADILLAC;44.637012;-0.320771;1
138;PAV DE LA HUME MME LABERNEDE;24 AVENUE DE LATTRE DE TASSIGNY;33470;GUJAN MESTRAS;44.638879;-1.114502;1
139;PAV DE LA JALLE;34 AVENUE DESCARTES;33160;ST MEDARD EN JALLES;44.883602;-0.69312;1
140;PAV CHARTIER-ALARY;3 AVENUE FAVARD;33170;GRADIGNAN;44.785629;-0.603682;1
141;PAV DE LA MAIRIE PAV DESBARAX;65 AVENUE DE LA LIBERATION;33380;BIGANOS;44.64212;-0.977261;1
142;PAV PELET;317 BOULEVARD JEAN JACQUES BOSC;33800;BORDEAUX;44.815455;-0.551793;1
143;PAV AUBRAY-VANHOVE;Centre Commercial La Morlette 5 Avenue Roger Schweb;33150;CENON;44.855063;-0.518538;1
144;PAV LOVATO;2 RUE CHAMBRELANT;33400;TALENCE;44.808157;-0.585138;1
145;PAV PLACE PICARD;14 COURS BALGUERIE STUTTENBERG;33300;BORDEAUX;44.855231;-0.571183;1
146;PAV DE LA PLAGE;344 BOULEVARD DE LA PLAGE;33120;ARCACHON;44.662574;-1.174384;1
147;PAV DE LA POINTE;2 RUE ABEL GANCE;33310;LORMONT;44.87819;-0.500406;1
148;PAV REUMAUX;136 COURS DU GENERAL DE GAULLE;33170;GRADIGNAN;44.772656;-0.614253;1
149;PAV MALET-TROADEC;277 COURS DE LA SOMME;33800;BORDEAUX;44.819359;-0.572435;1
150;PAV LOOS PAV LOOS - MECHE;CCAL BORDEAUX SUD ROUTE DE TOULOUSE;33140;VILLENAVE D ORNON;44.776291;-0.563997;1
151;PAV DE LA ROCADE;453 ROUTE DU MEDOC;33520;BRUGES;44.876914;-0.622233;1
152;PAV PETIT CIRON;56 GRANDE ROUTE;33430;Bernos-Beaulac;44.371253;-0.243771;1
153;PAV ROBERT-SERTOUT PAV ROBERT - SERTOUT;1 PLACE DE LA REPUBLIQUE;33570;LUSSAC;44.949491;-0.096437;1
154;SELARL PAV GALLAY GADRET;56 AVENUE DE MADRAN;33600;PESSAC;44.8058280944824;-0.63038599491119;1
155;PAV DE MAGONTY;1 RUE DU ROYAUME UNI;33600;PESSAC;44.79385;-0.705337;1
156;PAV DE MAGUDAS PAV BRICAUD-PELLET MARTINE;PLACE GEORGES BLANC;33160;SAINT-MEDARD-EN-JALLES;44.86095;-0.728749;1
157;PAV DUFRENNE-VARACHE;CCAL DU PARC MARBOTIN 26 AVENUE DE BELFORT;33700;MERIGNAC;44.829418182373;-0.64787268638611;1
158;PAV DE MEIGNAN;7 RUE CAMILLE JULLIAN;33530;BASSENS;44.90223;-0.508885;1
159;PAV SUBRA PAV SUBRA;172 RUE JULES FERRY C/C CARREFOUR MARKET;33200;BORDEAUX;44.844577;-0.610043;1
160;PAV LANGLADE;29 AVENUE DU CHENE VERT;33550;PAILLET;44.685108;-0.364736;1
161;PAV DE PESSAC;48 BIS AVENUE DU GENERAL LECLERC LECLERC;33600;PESSAC;44.794968;-0.668764;1
162;PAV DOP-MERLIN;1A CHEMIN DE BRONDEAU;33370;POMPIGNAC;44.8520055;-0.4348189;1
163;PAV DE CADAUJAC;844 AVENUE DE TOULOUSE;33140;CADAUJAC;44.752013;-0.549110;1
164;PAV DE SAIGE PAV NAKACHE-BOUHANA;88 AVENUE DE SAIGE CCAL;33600;PESSAC;44.790327;-0.634349;1
165;PAV CHEVRIER-SAYO;CCAL DE SAIGE FORMANOIR;33600;PESSAC;44.8058280944824;-0.63038599491119;1
166;PAV BERTON;AVENUE DU GENERAL DE GAULLE 20;33350;STE TERRE;44.82971;-0.1307;1
167;PAV DE SAUTERNES;8 LIEU DIT LE PARENT;33210;SAUTERNES;44.5297164916992;-0.34084689617157;1
168;PAV DE SAINT MORILLON;1 ROUTE DE CASTRES;33650;ST MORILLON;44.653275;-0.500227;1
169;PAV RAYNAL-FABRE;89 AVENUE JEAN CORDIER;33600;PESSAC;44.816606;-0.618684;1
170;PAV DEBLEDS;240 BOULEVARD DE LA COTE D ARGENT;33120;ARCACHON;44.641137;-1.201722;1
171;PAV DEBRUYNE-CHASSAIGNE;93 COURS BALGUERIE STUTTENBERG;33300;BORDEAUX;44.858596;-0.566589;1
172;PAV DEHONDT;103 BOULEVARD DU PRESIDENT WILSON;33200;BORDEAUX;44.8412619;-0.5998743;1
173;PAV DELAHAYE;15 ROUTE DE GERMIGNAN;33160;ST AUBIN DE MEDOC;44.911797;-0.722829;1
174;MA PAV BASTIDE;21 ALLEE SERR;33100;BORDEAUX;44.842012;-0.560062;1
175;PAV DU VIGEAN;114 AVENUE DU MEDOC;33320;EYSINES;44.883387;-0.632395;1
176;PAV DEPOND-DROUILLARD;1 AVENUE DU GENERAL DE GAULLE;33550;LANGOIRAN;44.708573;-0.401002;1
177;PAV DULUC-LATHUILLIERE;1 RUE DE LA MAIRIE;33930;VENDAYS MONTALIVET;45.356417;-1.060856;1
178;PAV BOULDOUYRE;2 RUE CAMILLE PELLETAN;33150;CENON;44.863959;-0.519695;1
179;PAV IDIARTEGARAY-DESALME;2 PLACE GABRIEL MAYDIEU;33120;ARCACHON;44.657057;-1.182718;1
180;PAV DES ALLEES;10 ALLEE DE LA REPUBLIQUE;33350;CASTILLON LA BATAILLE;44.853086;-0.043572;1
181;PAV AUDOUIT-FABRE;101 AVENUE DE LA REPUBLIQUE;33450;ST LOUBES;44.91599;-0.421853;1
182;PAV DES BONS ENFANTS;34 AVENUE DE L ENTRE DEUX MERS;33370;FARGUES ST HILAIRE;44.825758;-0.452777;1
183;PAV BOHN-GENDRAULT;11 RUE DU PROFESSEUR MOURE;33560;STE EULALIE;44.908025;-0.47399;1
184;PAV BRECHAND - BOURDIL;6 PLACE DU ROND POINT;33890;GENSAC;44.805718;0.074678;1
185;PAV DES DYONISIENS;35 AVENUE FRANCOIS MITTERAND;33910;SAINT-DENIS-DE-PILE;44.992482;-0.201091;1
186;PAV DES ECHOPPES CENTRE COMMERCIAL LECLERC;110 BIS AVENUE JEAN JAURES GALERIE COMMERCIALE LECLERC 110BIS AVENUE JEAN JAURES;33600;PESSAC;44.810020;-0.618710;1
187;PAV DES GIRONDINS;73 AVENUE ARISTIDE BRIAND;33700;MERIGNAC;44.823986;-0.617705;1
188;PAV SCHIRO-HEURGON;CTRE COMMERCIAL 8 AVENUE DU COLONEL BOURGOIN;33127;MARTIGNAS SUR JALLE;44.842091;-0.768278;1
189;PAV PERRET-YUNG PAV PERRET-YUNG;1 ROUTE DES CITES;33360;CAMBLANES ET MEYNAC;44.767259;-0.488116;1
190;PAV DES SABLES;21 RUE JULES GUESDE;33850;LEOGNAN;44.730328;-0.594632;1
191;PAV DE MARTILLAC;2 CHEMIN DE LA CANAVE;33650;MARTILLAC;44.72187;-0.531603;1
192;PAV ORENES;126 AVENUE DES PYRENEES;33140;VILLENAVE D ORNON;44.764791;-0.561292;1
193;PAV DEVEZE SABATIER;2 COURS PIERRE LASSALLE;33590;ST VIVIEN DE MEDOC;45.428705;-1.034982;1
194;PAV DI BATTISTA;17 PLACE SADI-CARNOT;33880;CAMBES;44.731755;-0.462544;1
195;PAV DOUBLET;11 ROUTE DE CREON;33750;ST GERMAIN DU PUCH;44.855315;-0.323594;1
196;PAV DRIESSENS-LAFARGE;CCAL LECLERC LOCAL N3 23 AVENUE DE LA ROUDET;33500;LIBOURNE;44.930544;-0.240541;1
197;PAV FRIOCOURT-ZENKER-LAMBRECHT;55 RUE PAUL DOUMER;33700;MERIGNAC;44.830835;-0.61906;1
198;PAV LAFEUILLADE;106 AVENUE DE LA LIBERATION;33490;ST PIERRE D AURILLAC;44.571789;-0.191153;1
199;PAV SERVANT;266 AVENUE DU GENERAL DE GAULLE;33450;IZON;44.920353;-0.358972;1
200;PAV GRANDCLAUDE PAV GRANDCLAUDE-ROUQUETTE;98 AVENUE PIERRE MENDES FRANCE;33700;MERIGNAC;44.816355;-0.633934;1
201;PAV ARAY-GRATIAS;5 AVENUE DE VERDUN;33127;MARTIGNAS SUR JALLE;44.841121;-0.776349;1
202;PAV BOUDET-BOUSQUET;ANGLE AVENUE DE BORDEAUX (N 220 BOULEVARD DE LA REPUBLIQUE;33510;ANDERNOS LES BAINS;44.741929;-1.098173;1
203;PAV REMAZEILLES-SUBRA;1 RUE JULES GUESDE;33270;FLOIRAC;44.830107;-0.527405;1
204;PAV DU CENTRE;13 RUE JEAN JAURES;33250;PAUILLAC;45.199699;-0.749236;1
205;PAV LIBERTE PAV ROQUE-FAGETTE;85 AVENUE DE LA LIBERTE;33440;AMBARES;44.942291;-0.491111;1
206;PAV BENDENOUN;59 AVENUE ARISTIDE BRIAND;33720;BARSAC;44.609245;-0.314193;1
207;PAV DU CONSERVATOIRE;C CCIAL CARREFOUR BORDEAUX ST JEAN 10 QUAI DE PALUDATE;33800;BORDEAUX;44.8255348205566;-0.57762122154236;1
208;PAV LAHLOU LAKSIR;9 RUE DES ARPEGES;33360;LATRESNE;44.7869453430176;-0.48571428656578;1
209;PAV ROBERT;64 RUE DE BOULANGE;33470;LE TEICH;44.623462;-1.02445;1
210;PHRAMACIE DU DORAT PAV FONTAINE-VARLOT;3 PLACE DU GENERAL DE GAULLE;33130;BEGLES;44.801615;-0.544375;1
211;PAV DU GRAND CAILLOU;CCAL DU GRAND CAILLOU;33320;EYSINES;44.8857917785644;-0.64881497621536;1
212;PAV DU GRAND LARGE;CCAL DU GRAND LARGE AVENUE DE CESAREE;33470;GUJAN MESTRAS;44.6357307434082;-1.07118904590607;1
213;PAV DU GRAND LEBRUN;103 AVENUE DU GENERAL LECLERC;33200;BORDEAUX;44.853657;-0.610399;1
214;PAV LEGRAND LEGRAND;75 AVENUE ET 77 DE ST MEDARD;33320;EYSINES;44.861513;-0.643102;1
215;PAV DU HAUT LIVRAC;55 RUE ROGER VILANOVA;33600;PESSAC;44.798541;-0.672342;1
216;PAV BALL;10 RUE DE BORDEAUX;33980;AUDENGE;44.682323;-1.008702;1
217;PAV DU MILAN;4 RUE DU LAVOIR;33650;SAINT-MEDARD-D EYRANS;44.717922;-0.509154;1
218;PAV BARTHOU-DARROUZES;CCAL CHAMBERY 1 RUE THIERS;33140;VILLENAVE D ORNON;44.7652702331543;-0.58326399326324;1
219;PAV GHYSELS-ESTEVE;9 BOULEVARD DE LA PLAGE;33120;ARCACHON;44.656974;-1.148098;1
220;PAV DU POUYALET;LE POUYALLET 37 ROUTE DE BORDEAUX;33250;PAUILLAC;45.21597672;-0.76486057;1
221;PAV JAILLET;249 COURS DU GENERAL DE GAULLE;33170;GRADIGNAN;44.769083;-0.616796;1
222;PAV BABOULENE;59 BOULEVARD DE L OCEAN;33260;LA TESTE DE BUCH;44.60791;-1.158241;1
223;PHIE TROUILLOT-MAURIN-FAURY-VAZQUEZ;3 PLACE GEORGES CHAIGNE;33190;LA REOLE;44.58342;-0.039688;1
224;PAV LOUE-FAURE;13 ROUTE D AUROS;33190;LA-REOLE;44.577263;-0.034642;1
225;PAV DU SOLEIL;14 RUE DES FUSILLES CAZAUX;33260;LA-TESTE-DE-BUCH;44.539284;-1.156076;1
226;PAV DU STADE LESCURE;301 RUE D ORNANO;33000;BORDEAUX;44.831544;-0.598234;1
227;PAV DU TASTA;1 RUE JEAN JAURES;33520;BRUGES;44.883439;-0.594033;1
228;PAV DUBARRY;3 QUAI RICHELIEU;33000;BORDEAUX;44.839794;-0.568918;1
229;PAV DUBES;14 AVENUE DES TABERNOTTES;33370;YVRAC;44.880626;-0.465078;1
230;SELARL PAV JACQUOT;128 AVENUE DU BOURGAILH;33700;MERIGNAC;44.812992;-0.664769;1
231;PAV DE GASCOGNE;2 ROUTE DE MONT-DE-MARSAN;33840;CAPTIEUX;44.291973;-0.261882;1
232;PAV DUCOUT-LARTIGUE;2 AVENUE DU GRAOUX;33830;BELIN BELIET;44.508116;-0.788569;1
233;PAV PAUL DOUMER;134 COURS DE VERDUN;33000;BORDEAUX;44.852089;-0.573416;1
234;SNC PAV DUDON-SALLET;1TER ROUTE DE LA RAFFETTE;33450;MONTUSSAN;44.877366;-0.427609;1
235;SNC PAV DE LA PLAGE;19 AVENUE DE L OCEAN;33930;VENDAYS-MONTALIVET;45.378362;-1.156002;1
236;NEWPHARMA PAV ROSE;138 BOULEVARD GEORGE V;33000;BORDEAUX;44.827296;-0.592457;1
237;PAV DUMAS;41 RUE DE LA REPUBLIQUE;33660;ST SEURIN SUR L ISLE;45.013016;-0.002851;1
238;PAV DUPATY;47 RUE DUPATY;33290;BLANQUEFORT;44.907519;-0.625261;1
239;PAV DUPIN;366 AVENUE THIERS;33100;BORDEAUX;44.8524;-0.5403;1
240;PAV DURAND-EROLES-CASTAGNET;16 RUE DU PORT;33260;LA TESTE DE BUCH;44.634608;-1.144475;1
241;SELARL GRANDE PAV PORTAL PAV DUTERTRE-BENDIF;46 COURS PORTAL;33000;BORDEAUX;44.853782;-0.572475;1
242;PAV DU SACRE COEUR;2 RUE D AUBIDEY;33000;BORDEAUX;44.821681;-0.565586;1
243;PAV CENTRALE PAV CONFAITS;1 AVENUE GAMBETTA;33120;ARCACHON;44.662367;-1.168626;1
244;PAV FAYON;5 COURS DU MARECHAL GALLIENI;33000;BORDEAUX;44.825201;-0.589750;1
245;PAV FIMAT-LAUTRETTE;2 PLACE DU 14 JUILEET;33130;BEGLES;44.807368;-0.5491;1
246;PAV FLOURY;52 AVENUE COTES DE BOURG;33710;PRIGNAC ET MARCAMPS;45.034626;-0.496041;1
247;PAV D ORNANO PAV FONTAINE;126 RUE D ORNANO;33000;BORDEAUX;44.834254;-0.588646;1
248;PAV FOURNIE PAV DU BASSIN;12 AVENUE GUY CELERIER;33138;LANTON;44.719864;-1.071458;1
249;PAV DU GRAND PARC PAV FRANCHAUD-LEDIT-CAUSSILCCAM;CENTRE COMMERCIAL CITE GRAND PARC - PLACE DE L EUROPE;33300;BORDEAUX;44.889673;-0.564688;1
250;PAV FRANCOIS;70 COURS D ALSACE ET LORRAINE;33000;BORDEAUX;44.837654;-0.571687;1
251;PAV DE L HOTEL DE VILLE;36 PLACE ABEL SURCHAMP;33500;LIBOURNE;44.914868;-0.24541;1
252;PAV FURT;4 AVENUE DE LA LIBERATION;33110;LEBouscat;44.85394;-0.59379;1
253;PAV RIPOCHE;18 ROUTE DE L OCEAN;33480;STE HELENE;44.965263;-0.88663;1
254;PAV GAFSI;CCAL SUPER U N5 RILLAC;33620;CAVIGNAC;45.094822;-0.385941;1
255;PAV GAILLARD-BAJEUX;30 AVENUE VICTOR HUGO;33230;LES EGLISOTTES;45.098748;-0.039284;1
256;PAV DE LANGE;81 COURS DU GENERAL DE GAULLE;33170;GRADIGNAN;44.778735;-0.609807;1
257;PAV GARCIA;289 ROUTE DE TOULOUSE;33140;VILLENAVE D ORNON;44.80495;-0.572417;1
258;ARCACHON PHARMA;157 COURS LAMARQUE;33120;ARCACHON;44.661793;-1.181079;1
259;PAV DU CANON;161 ROUTE DU CAP-FERRET 161 ROUTE DU CAP-FERRET;33950;LEGE-CAP-FERRET;44.70152;-1.229413;1
260;SELARL PAV MONTEIL PESSAC;204 AVENUE PASTEUR;33600;PESSAC;44.802593;-0.647684;1
261;PAV WICKER-MESTIVIER;RUE DES GAROSSESCCAL GENICART;33310;LORMONT;44.8801612854004;-0.52310800552368;1
262;PAV DE LACANAU;27 AVENUE DE BORDEAUX;33680;LACANAU;44.976481;-1.068104;1
263;PAV GIOLITO;45 AVENUE DE L ISLE;33230;GUITRES;45.040923;-0.186597;1
264;PAV GODARD-PINGRET;27 LE BOURG;33230;MARANSIN;45.071216583252;-0.2679780125618;1
265;PAV BOUTHORS;6 BIS PLACE GUSTAVE LAMARQUE;33640;CASTRES-GIRONDE;44.696105;-0.446096;1
266;PAV GOUDET-POIRIER;254 RUE JUDAIQUE 254 RUE JUDAIQUE;33000;BORDEAUX;44.840335;-0.596855;1
267;PAV GOULLEY;37 RUE DE LA PLAGE;33780;SOULAC SUR MER;45.515156;-1.125996;1
268;PAV CROMER;43 COURS DU GENERAL DE GAULLE;33340;LESPARRE MEDOC;45.30923;-0.940243;1
269;PAV GRAS;22 RUE FLORNOY;33000;BORDEAUX;44.833429;-0.610593;1
270;PAV DES ARCADES;33 PLACE DE LA CATHEDRALE;33430;BAZAS;44.431875;-0.21169;1
271;PAV GUEDE-MAPPA EURL PAV MAPPA;26 RUE GENERAL DE GAULLE;33290;LUDON MEDOC;44.98143;-0.603983;1
272;PAV GUILLAUME-MIREMONT;13 AVENUE DE LA BELLE ETOILE;33270;BOULIAC;44.817758;-0.503322;1
273;PAV GUILLOT;3 AVENUE DU PERIGORD;33370;ARTIGUES-PRES-BORDEAUX;44.865502;-0.473103;1
274;PAV GUIZIEROISE;21 RUE DE LA REPUBLIQUE;33230;ST MEDARD DE GUIZIERES;45.015018;-0.05198;1
275;PAV DU MEDOC PAV HOORENS;42 AVENUE DE PICOT;33320;EYSINES;44.8821;-0.6462;1
276;PAV D ORNON PAV HUMBLOT-VARACHE;451 ROUTE DE TOULOUSE DR LEJEUNE CAMILLE;33140;VILLENAVE-D ORNON;44.789922;-0.56683;1
277;MA PAV D AQUITAINE;16 RUE THIERS;33500;LIBOURNE;44.914071;-0.244726;1
278;PAV JEAN;CCAL LES VERGERS D AQUITAINE 26 AVENUE D AQUITAINE;33560;STE EULALIE;44.905345;-0.487937;1
279;PAV JOUAN-SOLANS;8 COURS GAMBETTA;33113;ST SYMPHORIEN;44.428642;-0.489706;1
280;PAV JOUZIER;251 RUE PIERRE BROSSOLETTE;33230;COUTRAS;45.039685;-0.130575;1
281;PAV LESPINASSE;74 AVENUE DE LA COTE D ARGENT;33380;BIGANOS;44.636358;-0.971133;1
282;PAV KAROUT-CHABAN;30 PLACE DES CAPUCINS;33800;BORDEAUX;44.830222;-0.568575;1
283;SARL PAV SCHILKLOPER;61 AVENUE DU TRUC;33700;MERIGNAC;44.8486;-0.652;1
284;PAV KUTTLER-PERSOHN;8 RUE DE LA FRATERNITE;33730;PRECHAC;44.398205;-0.356116;1
285;PAV MIRAMBEAU;4 RUE ARMAND CADUC;33190;LA REOLE;44.581991;-0.037305;1
286;PAV MAZIERES-LABARTHE;87 RUE DU MARECHAL FOCH;33130;BEGLES;44.811297;-0.548725;1
287;PAV DE GRAMAN;25 ROUTE DE CREON;33550;LANGOIRAN;44.715764;-0.389901;1
288;PAV LACAPE;34 COURS GEORGES CLEMENCEAU;33000;BORDEAUX;44.843028;-0.579127;1
289;PAV LAFFITTE;16 PLACE DE L EGLISE;33740;ARES;44.767554;-1.139445;1
290;PAV LAGRAVE;2 TER RUE DE LA GARE;33990;HOURTIN;45.186743;-1.064187;1
291;PAV DU PETIT-PIQUEY;45 ROUTE DE BORDEAUX;33950;LEGE-CAP-FERRET;44.724328;-1.202643;1
292;PAV CERILLAN ISSAC;57 AVENUE VOLTAIRE;33160;SAINT-MEDARD-EN-JALLES;44.894895;-0.756385;1
293;PAV SAINT MEDARD;29 rue de l'?cole normale;33000;BORDEAUX;44.847447;-0.600557;1
294;PAV LARBODIE-CARLES;12 GRAND RUE;33420;RAUZAN;44.7785491943359;-0.12499699741602;1
295;PAV LASSABE;1 PLACE DE L EGLISE;33290;BLANQUEFORT;44.909749;-0.634637;1
296;SELARL PAV BLEUE PAV LASSIAZ;1 PLACE DU COLONEL RAYNAL;33000;BORDEAUX;44.839114;-0.581824;1
297;PAV CASEROTTO;24 RUE DE LA GRENOUILLETTE;33790;Pellegrue;44.743215;0.076072;1
298;SELARL PAV LAURIN VELLA;135 AVENUE DE L YSER;33700;MERIGNAC;44.8421;-0.6657;1
299;PAV DU PONT DE L EYRE;18 AVENUE DE VAL DE L EYRE;33380;MIOS;44.603766;-0.93718;1
300;PAV LAVIE-BOSREDON;28 RUE DES FONDERIES;33380;BIGANOS;44.637077;-0.960499;1
301;PAV LE LAY-GARNAUD;RES LE MADRIGAL 1 RUE THEODORE BELLEMER;33520;BRUGES;44.881272;-0.613398;1
302;PAV LE MOIGNE;297 COURS BALGUERIE STUTTENBERG;33300;BORDEAUX;44.862252;-0.561417;1
303;PAV LECAT;1 RUE J.J. ROUSSEAU;33340;LESPARRE MEDOC;45.307601;-0.940133;1
304;PAV DU LAC;42 RUE CHARLES TOURNEMIRE;33000;BORDEAUX;44.873218;-0.571426;1
305;PAV LESCLOUPE-MARES;35 QUAI CHAIGNEAU-BICHON;33310;LORMONT;44.879324;-0.532749;1
306;PAV BESSIERES-BOURDEN;8 RUE PIERRE GAUTHIER;33320;EYSINES;44.878885;-0.647924;1
307;PAV DU LITTORAL;49 AVENUE DE LA LIBERATION;33138;LANTON;44.70586;-1.044097;1
308;PAV LOUBIC;48 RUE DE LA REPUBLIQUE;33510;ANDERNOS LES BAINS;44.734369;-1.083496;1
309;PAV OUSTRY;3 PLACE DU MARCHE;33690;GRIGNOLS;44.387495;-0.044289;1
310;PAV MAILLOT;183 AVENUE VICTOR HUGO;33110;LE BOUSCAT;44.868541;-0.5917;1
311;PAV DU CENTRE;2 RUE EDWARD RICHET;33530;BASSENS;44.901067;-0.516587;1
312;PAV SAINT BRIS PAV COUERRE-BENCHEKCHOU;384 ROUTE DE TOULOUSE;33130;BEGLES;44.795547;-0.567894;1
313;PAV DE SALIGNAC;65 AVENUE DE LA REPUBLIQUE;33240;SALIGNAC;45.0158;-0.379346;1
314;PAV MALARTIC PAV Labie;CCAL DE MALARTIC AVENUE MAL JUIN;33170;GRADIGNAN;44.7742652893066;-0.61894500255585;1
315;PAV MANCIOT-SEGHEZZI;165 AVENUE DU GENERAL DE GAULLE;33160;ST MEDARD EN JALLES;44.902061;-0.744928;1
316;PAV BARGUES-CHASTANET;243 RUE MANDRON;33000;BORDEAUX;44.85791;-0.587551;1
317;PAV PLANTE;34 CHEMIN DE BOS;33160;SAINT MEDARD EN JALLES;44.881839;-0.699245;1
318;PAV MARECHAL;79 RUE LEON GAMBETTA;33130;BEGLES;44.807784;-0.553386;1
319;PAV MARES EDOUARD;31 RUE FERDINAND BUISSON;33130;BEGLES;44.804669;-0.558835;1
320;PAV MARITIME;13 COURS EDOUARD VAILLANT;33300;BORDEAUX;44.859692;-0.557324;1
321;PAV MARQUE;124 AVENUE DE LATTRE DE TASSIGNY;33470;GUJAN MESTRAS;44.637115;-1.100302;1
322;PAV MARTIAL;2 COURS LOUIS BLANC;33110;LE BOUSCAT;44.865033;-0.599431;1
323;PAV DES PONTS EIFFEL;24 AVENUE DE PARIS;33240;CUBZAC-LES-PONTS;44.97065;-0.45381;1
324;PAV DE LA CLAIRE;110 COURS DE LA REPUBLIQUE BP24;33470;GUJAN-MESTRAS;44.63939;-1.059953;1
325;PAV MASSE-GINESTE-CANO;9 avenue de l'entre deux mers;33670;CREON;44.776109;-0.346837;1
326;PAV MASSON;42 RUE PRINCIPALE;33460;LAMARQUE;45.095948;-0.718105;1
327;PAV MEDEVILLE;40 RUE CAZEAUX CAZALET;33410;CADILLAC;44.63661;-0.319569;1
328;PAV MEIGNIE;3 AVENUE DE BORDEAUX;33340;LESPARRE MEDOC;45.3067;-0.9388;1
329;PAV GALERIE DU LAC;AUCHAN LAC CCAL BORDEAUX LAC;33000;BORDEAUX;44.88165;-0.5677;1
330;PAV MERCE;257 AVENUE DE LA MARNE;33700;MERIGNAC;44.832729;-0.646197;1
331;PAV MERIADECK;CCAL MERIADECK 30 CCAL MERIADECK;33000;BORDEAUX;44.8373527526856;-0.57582890987396;1
332;PAV MESANGE;164 AVENUE PASTEUR;33185;LE HAILLAN;44.87303;-0.678024;1
333;PAV DES PINS FRANCS PAV MESTRANO;353 AVENUE DU MARECHAL DE LATTRE DE TASSIGNY;33200;BORDEAUX;44.858444;-0.624;1
334;PAV DE L'ARGONNE PAV ZELLER;15 COURS DE L ARGONNE;33000;BORDEAUX;44.829972;-0.573166;1
335;PAV CASTAY-GUIGNARD- PAV CASTAY-GUIGNARD;CCAL MOLEON - LOT N 3;33210;LANGON;44.5443229675293;-0.25726801156998;1
336;PAV BOISSON - MOLIN - ARNOULD;1 AVENUE FERNAND PILLOT;33133;GALGON;44.99315;-0.272968;1
337;PAV MONDOLONI;14 RUE ANDRE DUBOURG;33720;LANDIRAS;44.5668411254883;-0.41580849885941;1
338;PAV DE MESTRAS;29 COURS DE LA REPUBLIQUE;33470;GUJAN-MESTRAS;44.637906;-1.066336;1
339;PAV PRINCIPALE DE SAUCATS PAV MONTANE;34 AVENUE CHARLES DE GAULLE;33650;SAUCATS;44.652226;-0.596583;1
340;PAV MONTSOURIS PAV FONTAN-TALUCIER;20 AVENUE DE LA SOMME;33530;BASSENS;44.906512;-0.517079;1
341;PAV MARTINEZ;213 COURS GAMBETTA;33400;TALENCE;44.814249;-0.588915;1
342;PAV DE LESTONNAT;5 RUE CEREY;33200;BORDEAUX;44.852955;-0.620162;1
343;PAV MALLET;6 ROUTE DE JOLI BOIS;33160;SAINT-AUBIN-DE-MEDOC;44.912792;-0.72421;1
344;PAV CHAILLOLEAU;15 RUE DU GENERAL DE GAULLE;33860;REIGNAC;45.2309;-0.50547;1
345;PAV MUTUALISTE;45 COURS DU MARECHAL GALLIENI;33000;BORDEAUX;44.824281;-0.591294;1
346;PAV MARTIAL;28 RUE DES MARRONNIERS;33110;LE BOUSCAT;44.861535;-0.588121;1
347;PAV NAMIGOHAR FARCHAD;44 RUE DU MARECHAL FOCH;33150;CENON;44.855139;-0.530034;1
348;PAV NAU;29 ROUTE DES GRAVES;33640;PORTETS;44.68896;-0.418976;1
349;PAV NIEL;85 RUE LEON PAILLERE;33800;BORDEAUX;44.818229;-0.548987;1
350;PAV ABZAC REYNOU;14 RUE JEAN ACHARD;33230;ABZAC;45.016045;-0.127278;1
351;PAV AKBARALY-GOUDOUNECHE;254 RUE FREDERIC SEVENE;33400;TALENCE;44.806558;-0.57912;1
352;SNC PAV CENTRE EUROPE;PLACE DE L EUROPE 24 RUE LOUIS GENDREAU;33000;BORDEAUX;44.862;-0.58389;1
353;PAV GUIBERT-PALATIN;20 RUE VICTOR HUGO;33350;CASTILLON LA BATAILLE;44.853591;-0.043928;1
354;PAV PAOLI;2 COURS VICTOR HUGO;33130;BEGLES;44.813038;-0.564476;1
355;PAV DOUBLET-CHARTAGNAT;24 AVENUE PASTEUR;33600;PESSAC;44.806077;-0.631736;1
356;PAV PAUMELLE;85 COURS VICTOR HUGO;33000;BORDEAUX;44.83529;-0.570121;1
357;PAV PERSINET;168 RUE DE PESSAC;33000;BORDEAUX;44.827996;-0.584758;1
358;PAV PIAT;14 PLACE GAMBETTA;33730;VILLANDRAUT;44.458747;-0.371106;1
359;PAV DE SALLEBOEUF;17 AV DE L ENTRE DEUX MERS;33370;SALLEBOEUF;44.837024;-0.404846;1
360;PAV DU PONT ST EMILION;369 AVENUE THIERS;33000;BORDEAUX;44.852561;-0.539405;1
361;PAV AFIRI;56 RUE EDMOND FAULAT;33440;AMBARES ET LAGRAVE;44.924345;-0.486252;1
362;PAV PLAYE;128 BD MARECHAL LECLERC;33000;BORDEAUX;44.827609;-0.592421;1
363;PAV DE PINEUILH;18 PLACE DU GENERAL DE GAULLE;33220;PINEUILH;44.829139;0.216168;1
364;PAV LEGE PAV POLLET-DARROUX;29 AVENUE DE LA MAIRIE;33950;LEGE-CAP-FERRET;44.789718;-1.145236;1
365;PAV SMITHERS LANNES;2 RUE DU CHATEAU;33480;CASTELNAU DE MEDOC;45.027033;-0.798003;1
366;PAV PRADIE;ZONE INDUSTRIELLE DE CALENS;33640;BEAUTIRAN;44.70834;-0.46596;1
367;PAV RANDAZZO;10 RUE SAINTE CATHERINE;33000;BORDEAUX;44.841497;-0.574389;1
368;PAV PRINCIPALE;3 PLACE KENNEDY;33210;LANGON;44.553308;-0.249608;1
369;PAV GABAUDE-RESPLANDY;1 PLACE CHARLES DE GAULLE;33700;MERIGNAC;44.841867;-0.646603;1
370;PAV GALPIN;2 AVENUE DU GENERAL DE GAULLE;33450;IZON;44.920644;-0.369738;1
371;PAV DUBO-ALVAREZ;20 AVENUE MAL DE LATTRE DE TASSIGNY;33120;ARCACHON;44.661347;-1.172485;1
372;PAV DE LA GARE;16 AVENUE DE LA GARE;33460;MARGAUX-CANTENAC;45.037139;-0.684709;1
373;PAV RENAUD-LASVENES;24 RUE PIERRE RALLE;33112;ST LAURENT MEDOC;45.150836;-0.821385;1
374;PAV REYNAUD;5 PLACE DU GENERAL DE GAULLE;33490;SAINT-MACAIRE;44.5648;-0.2277;1
375;PAV ALBO;CCAL DE L YSER 8 RUE LOUIS DAVID;33700;MERIGNAC;44.842103;-0.659451;1
376;PAV RIVETTE;8 AVENUE FAVARQUE;33130;BEGLES;44.805604;-0.566508;1
377;PAV LA LIVENNE;76 RUE PRINCIPALE;33820;ETAULIERS;45.224185;-0.573017;1
378;PAV DE CAYCHAC;220 AVENUE DU GENERAL DE GAULLE;33290;BLANQUEFORT;44.929251;-0.635233;1
379;PAV ROBINSON;74 AVENUE DES FRERES ROBINSON;33700;MERIGNAC;44.852109;-0.65543;1
380;PAV ROSSIGNOL;1 RUE FRONSADAISE;33230;GUITRES;45.040738;-0.189034;1
381;PAV ROUBEIX;80 RUE FERNAND SOORS;33140;VILLENAVE-D ORNON;44.763407;-0.565782;1
382;PAV DE LA MEDOQUINE;213bis Cours Marechal Gallieni;33000;BORDEAUX;44.819841;-0.597400;1
383;PAV GALIEN;6 RUE DU PALAIS GALLIEN;33000;BORDEAUX;44.84196;-0.581156;1
384;EURL DUPATY;7 COURS MARECHAL DE LATTRE DE TASSIGNY;33850;LEOGNAN;44.72944;-0.600803;1
385;PAV SAHAGUN;20 AVENUE VICTOR HUGO;33700;MERIGNAC;44.823278;-0.624385;1
386;PAV LUKOWICZ-SAQUER;9 BIS PLACE EGLISE ST AUGUSTIN;33000;BORDEAUX;44.832166;-0.610728;1
387;SELARL PAV ST CHRISTOPHE;43 RUE DU 19 MARS 1962;33920;ST CHRISTOLY DE BLAYE;45.129914;-0.508708;1
388;PAV SAINT FERDINAND;53 AVENUE DE LA REPUBLIQUE;33120;ARCACHON;44.658205;-1.156338;1
389;PAV GILLES-DELPIERRE;1 COURS GAMBETTA 1 COURS GAMBETTA;33400;TALENCE;44.821131;-0.582996;1
390;PAV LIGEOIX - D INCAU - MATTHYS;1 PLACE BERNARD ROUMEGOUX;33170;GRADIGNAN;44.774016;-0.613377;1
391;PAV ELGART;131 RUE GEORGES BONNAC;33000;BORDEAUX;44.83937;-0.587472;1
392;PAV VACHER;155 RUE SAINTE CATHERINE;33000;BORDEAUX;44.835768;-0.573452;1
393;PAV SALAVERT;216 AVENUE D EYSINES;33000;BORDEAUX;44.862628;-0.616965;1
394;PAV SALEY;194 RUE FONDAUDEGE;33000;BORDEAUX;44.849921;-0.586070;1
395;PAV DES TILLEULS PAV DES TILLEULS;26 ROUTE NATIONALE 113;33490;CAUDROT;44.576629;-0.150523;1
396;GRANDE PAV GINKO;37 COURS DE QUEBEC;33300;BORDEAUX;44.879243;-0.571163;1
397;PAV IRIART - KRAFFT;5 CHEMIN DES BOUTIQUES CENTRE COMMERCIAL LES BOUTIQUES DE CESTAS;33610;CESTAS;44.739;-0.68041;1
398;PAV DU CHALAURE PAV NOUGUES-CLAUSTRE;8 LIEU DIT LACOMBE;33230;LES EGLISOTTES;45.0872;-0.0576;1
399;PAV SIMONNET-JIMENEZ SIMONNET;CCAL DE LA GRAVETTE AVENUE PASTEUR;33270;FLOIRAC;44.838428;-0.530665;1
400;EURL PAV SONNES;1 PLACE LOUIS BARTHOU;33000;BORDEAUX;44.821772;-0.582184;1
401;PAV DU CENTRE;7 ALLEE ERNEST DE BOISSIERES;33980;AUDENGE;44.682550;-1.014698;1
402;PAV SOUS-LALET;2 AVENUE DE MOUTILLE;33360;CENAC;44.780123;-0.461089;1
403;SELARL PAV SAINT-GERY LOISEAU-DESTAILLATS-BENOIT OTTI;23 RUE SAINT FRANCOIS XAVIER;33170;GRADIGNAN;44.7812;-0.6052;1
404;PAV BOUTAUD DE LA COMBE;11 BIS RUE R ESPAGNET;33440;ST LOUIS DE MONTFERRAND;44.944036;-0.532638;1
405;PAV SZTARK;5 AV. DU MARECHAL JUIN C.COMM.DU BURCK;33700;MERIGNAC;44.8156242370606;-0.63443249464035;1
406;PAV TARDAT-BRANGER;8 PLACE CAMILLE GODARD;33460;ARSAC;44.996931;-0.689;1
407;PAV DE FRONTENAC;4 RUE DE RAUZAN;33760;FRONTENAC;44.738472;-0.162296;1
408;PAV TEBOULLE;42 AVENUE EMILE COUNORD;33000;BORDEAUX;44.856795;-0.573887;1
409;PAV TEILLAGORRY-PRIOLLAUD;7 RUE DES PALUS;33290;PAREMPUYRE;44.947911;-0.598848;1
410;SELARL MA PAV DU LYCEE;485 COURS DE LA LIBERATION;33400;TALENCE;44.803921;-0.592999;1
411;PAV TOCAVEN;91 COURS DU MARECHAL GALLIENI;33000;BORDEAUX;44.823102;-0.593221;1
412;PAV ALIENOR PAV TORRES-COSTE;22 AVENUE DE LA LIBERATION;33310;LORMONT;44.873949;-0.520124;1
413;PAV TOURNIER-GONDAT;RUE DE LAURIERE;33670;LA SAUVE;44.77014;-0.31515;1
414;SELARL PAV DES ARCADES;11 PLACE DE LA REPUBLIQUE;33540;SAUVETERRE DE GUYENNE;44.69293;-0.085719;1
415;PAV HUCHET;13 AVENUE DE SOULAC;33480;LISTRAC MEDOC;45.074585;-0.792651;1
416;PAV TURCAT;57 AVENUE AUSTIN CONTE;33560;CARBON-BLANC;44.894691;-0.500074;1
417;PAV VALET;78 AVENUE CHARLES DE GAULLE;33260;LA TESTE DE BUCH;44.63574;-1.132883;1
418;PAV VERDUGER-PASQUIER;37 LE BOURG;33570;MONTAGNE;44.9721589;-0.1388982;1
419;PAV VERGNET-BLANDEAU-GEORGE;CCAL DES QUATRE PAVILLONS;33310;LORMONT;44.8708;-0.51831;1
420;PAV VIALLE-QUERIAUD;4 GALERIE MARCHANDE;33370;TRESSES;44.847898;-0.463253;1
421;PAV VIRIOT;23 COURS DE LA REPUBLIQUE;33390;BLAYE;45.129188;-0.662184;1
422;PAV VIVES;18 LE BOURG 706 AV DE LA LIBERTE;33820;ST AUBIN DE BLAYE;45.26649;-0.55992;1
423;PAV ARGUIN;242 BOULEVARD DE LA PLAGE;33120;ARCACHON;44.662457;-1.168044;1
424;PAV DES PALMIERS;5 PLACE DU PROFESSEUR FLEMING;33120;ARCACHON;44.656068;-1.176172;1
425;PAV YONGA NANA;93 RUE FRANCOIS DE SOURDIS;33000;BORDEAUX;44.831226;-0.587426;1
426;PAV DE ST IZAN;7 RUE NEUVE;33920;SAINT-YZAN-DE-SOUDIAC;45.140521;-0.402656;1
427;PAV BONNIN RENOU;35 PLACE DUFFOUR DUBERGIER;33460;MACAU;45.008396;-0.612518;1
428;PAV VENTENAT;11 RUE DE BETHMANN;33600;PESSAC;44.821696;-0.607162;1
429;PAV DU BOURG;2 CHEMIN DE GALGON;33140;VILLENAVE D ORNON;44.771198;-0.541269;1
430;DU VAL DE L EYRE;23 ROUTE DU CHATEAU;33770;SALLES;44.549072;-0.86816;1
431;SARL PAV LA FLECHE;33 PLACE MEYNARD;33000;BORDEAUX;44.834846;-0.566512;1
432;PAV SOUDA;3 TER AVENUE DU GENERAL DE GAULLE;33330;ST SULPICE DE FALEYRENS;44.876623;-0.190405;1
433;PAV BENOIT-BOIGUES-DUBERNET;AVENUE SALVADOR ALLENDE;33270;FLOIRAC;44.845629;-0.510868;1
434;PAV CREGUT;53 AVENUE DE LA REPUBLIQUE;33820;ST CIERS SUR GIRONDE;45.291566;-0.612578;1
435;SELARL PAV DE TASSIGNY;485 AVENUE DE LATTRE DE TASSIGNY;33200;BORDEAUX;44.860042;-0.633553;1
436;PAV PUYJOURSAIN;1 ROUTE DE SAINT SATURNIN;33340;BEGADAN;45.356633;-0.893649;1
437;PAV MEYNARD;89 AVENUE DE PARIS;33620;CAVIGNAC;45.101273;-0.389425;1
438;PAV ST JEAN;181 COURS DE LA MARNE;33800;BORDEAUX;44.827981;-0.559631;1
439;PAV BOUVIER-MASSABOVA;16 AVENUE DE LA LIBERATION;33360;LATRESNE;44.783628;-0.496176;1
440;PAV PEZAC-FABIEN;9 PLACE DE LA MAIRIE;33620;LARUSCADE;45.1078338623047;-0.34111309051514;1
441;PAV ALLAIN-GAUJOUR;5 AVENUE CHARLES DE GAULLE;33290;BLANQUEFORT;44.909775;-0.638111;1
442;PAV CROIX DE MONJOUS;67 RUE DE LA CROIX DE MONJOUS;33170;GRADIGNAN;44.775027;-0.595833;1
443;PAV MAZIERES;CCAL DE LAURENZANE 14 ALLEE DES PINS;33170;GRADIGNAN;44.772016;-0.610822;1
444;PAV DE PUGNAC;11 ZA2 BELLEVUE;33710;PUGNAC;45.0808;-0.498223;1
445;PAV DES CHARTRONS PAV LANCEL  BONIS;16 COURS PORTAL;33000;BORDEAUX;44.852596;-0.573163;1
446;PAV DES ECUS;323 AVENUE DE LA LIBERATION;33110;LEBouscat;44.86872;-0.60824;1
447;PAV PICHET-TISSIER PICHET-TISSIER;CCAL PALMER 19 RUE CAMILLE PELLETAN;33150;CENON;44.861699;-0.520051;1
448;PAV RIBOULLEAU-JACQUET;1 ZONE COMMERCIALE DES GRAVES;33720;PODENSAC;44.65075302;-0.354514;1
449;SELARL PAV HOLVECK;2 ALLEE RENE CASSAGNE;33310;LORMONT;44.869766;-0.510765;1
